Source,Destination,Departure,Arrival,Aircraft type,Airlines,,,,,
SEA,DEN,12:35,16:21,Boeing 737-900 ,United 738,,,,,
SEA,ATL,11:33,19:13,Boeing 757-300,Delta 2922,,,,,
SEA,ATL,13:58,21:39,Boeing 737-900 ,Delta 436,,,,,
SEA,ATL,06:15,14:00,Boeing 757-200 ,Delta 1044,,,,,
SEA,ATL,09:45,17:31,Boeing 757-200,Delta 1870,,,,,
ATL,SEA,08:11,10:44,Boeing 757-200 ,Delta 609,,,,,
ATL,DEN,07:00,08:33,Boeing 737-800 ,United 533,,,,,
ATL,DEN,21:14,22:39,Boeing 737-900 ,Delta 776,,,,,s
ATL,DEN,18:39,20:05,Boeing 737-900 ,Delta 633,,,,,
ATL,DEN,16:34,18:10,Airbus A320 ,United 2308,,,,,
ATL,DEN,13:19,14:58,Embraer 170 ,United 3405 operated by Republic Airlines DBA United Express,,,,,
ATL,DEN,20:01,21:40,Embraer 170 ,United 3562 operated by Republic Airlines DBA United Express,,,,,
ATL,DEN,13:16,14:38,Boeing 737-900 ,Delta 1355,,,,,
ATL,DEN,11:55,13:17,Boeing 737-900 ,Delta 2590,,,,,
ORD,JFK,15:09,18:35,Canadair Regional Jet 900,Delta 4760 operated by Endeavor Air DBA Delta Connection,,,,,
ORD,JFK,11:44,14:57,Boeing 737-800 ,American Airlines 272,,,,,
ORD,JFK,06:00,09:13,Canadair Regional Jet 900,Delta 4851 operated by Endeavor Air DBA Delta Connection,,,,,
ORD,JFK,18:52,22:22,Canadair Regional Jet 900,Delta 5223 operated by Endeavor Air DBA Delta Connection,,,,,
ORD,JFK,10:35,13:56,Canadair Regional Jet 900,Delta 4957 operated by Endeavor Air DBA Delta Connection,,,,,
ORD,SFO,07:04,10:00,Boeing 737-800 ,American Airlines 345,,,,,
ORD,SFO,08:30,11:08,Boeing 777-200 ,United 761,,,,,
ORD,SFO,10:00,12:46,Boeing 757-300 ,United 1891,,,,,
ORD,SFO,11:25,14:22,Boeing 737-900 ,United 499,,,,,
ORD,SFO,18:11,21:10,Boeing 737-900 ,United 422,,,,,
ORD,SFO,20:33,23:32,Boeing 757-300 ,United 1742,,,,,
ORD,SFO,06:00,08:43,Boeing 737-800 ,United 2166,,,,,
ORD,SFO,16:05,18:54,Boeing 757-300 ,United 248,,,,,
ORD,SFO,13:00,15:53,Airbus A320 ,United 1790,,,,,
ATL,DEN,15:00,16:26,Airbus A319 ,Delta 498,,,,,
ATL,DEN,08:12,09:40,Boeing 737-900 ,Delta 1816,,,,,
ATL,DEN,09:55,11:21,Boeing 757-300,Delta 1547,,,,,
ATL,ORD,07:45,09:02,Boeing 737-900 ,United 251,,,,,
ATL,ORD,21:45,23:05,Embraer 175 (Enhanced Winglets) ,United 4288 operated by Expressjet Airlines DBA United Express,,,,,
ATL,ORD,13:42,14:55,Airbus A319 ,United 260,,,,,
ATL,ORD,15:41,16:55,Embraer 175 (Enhanced Winglets) ,United 5921 operated by Skywest DBA United Express,,,,,
ATL,ORD,10:48,12:05,Boeing 737-800 ,United 241,,,,,
ATL,ORD,19:05,20:25,Embraer 175 (Enhanced Winglets) ,United 3400 operated by Republic Airlines DBA United Express,,,,,
ATL,ORD,15:05,16:11,Boeing (Douglas) MD-88,Delta 1612,,,,,
ATL,ORD,11:18,12:25,Boeing (Douglas) MD-88,Delta 812,,,,,
ATL,ORD,20:43,21:50,Boeing 717,Delta 1958,,,,,
ATL,ORD,16:10,17:20,Boeing (Douglas) MD-88,Delta 1906,,,,,
ATL,ORD,19:24,20:34,Boeing 717,Delta 2617,,,,,
ATL,ORD,19:56,21:06,Embraer 175,American Airlines 4154 operated by Envoy Air As American Eagle,,,,,
ATL,ORD,06:12,07:23,Airbus A319,American Airlines 2893,,,,,
ATL,ORD,07:45,08:56,Airbus A319,American Airlines 1574,,,,,
ATL,ORD,17:53,19:17,Airbus A319,American Airlines 1691,,,,,
ATL,ORD,22:42,23:37,Airbus A321,Delta 2357,,,,,
ATL,ORD,10:07,11:19,Boeing (Douglas) MD-90,Delta 972,,,,,
ATL,ORD,07:25,08:35,Boeing (Douglas) MD-88,Delta 2012,,,,,
ATL,ORD,11:57,13:09,Embraer 175,American Airlines 3521 operated by Envoy Air As American Eagle,,,,,
ATL,ORD,08:45,09:48,Boeing 717,Delta 2183,,,,,
ATL,ORD,13:45,14:52,Boeing 717,Delta 446,,,,,
ATL,BOS,12:25,14:54,Airbus A321 ,Delta 2792,,,,,
ATL,BOS,21:10,23:39,Airbus A321 ,Delta 1200,,,,,
ATL,BOS,10:28,13:00,Airbus A321 ,Delta 2102,,,,,
ATL,BOS,16:43,19:15,Airbus A321 ,Delta 1800,,,,,
ATL,BOS,19:57,22:30,Boeing 757-200,Delta 2100,,,,,
ATL,BOS,18:00,20:35,Airbus A321 ,Delta 122,,,,,
ATL,BOS,15:08,17:44,Airbus A321 ,Delta 1274,,,,,
ATL,BOS,06:00,08:27,Airbus A321 ,Delta 1681,,,,,
ATL,BOS,08:55,11:22,Airbus A321 ,Delta 2796,,,,,
ATL,BOS,13:45,16:16,Boeing 757-300 ,Delta 2977,,,,,
ATL,BOS,07:30,10:02,Airbus A321 ,Delta 2647,,,,,
ATL,IAD,05:55,07:35,Canadian Regional Jet 700 ,United 6098 operated by Mesa Airlines DBA United Express,,,,,
ATL,IAD,20:15,21:58,Boeing 737-700,Delta 1839,,,,,
ATL,IAD,19:40,21:25,Canadian Regional Jet 700 ,United 6012 operated by Mesa Airlines DBA United Express,,,,,
ATL,IAD,14:35,16:23,Airbus A319 ,United 236,,,,,
ATL,IAD,09:50,11:31,Boeing (Douglas) MD-88,Delta 340,,,,,
ATL,IAD,15:25,17:06,Boeing 717,Delta 1359,,,,,
ATL,IAD,17:26,19:07,Boeing 717,Delta 1442,,,,,
ATL,IAD,12:59,14:39,Boeing 717,Delta 1317,,,,,
ATL,IAD,07:33,09:15,Boeing 717,Delta 2578,,,,,
ORD,SFO,14:45,17:37,Boeing 737-800 ,American Airlines 2639,,,,,
ORD,SFO,20:20,23:13,Boeing 737-800 ,American Airlines 709,,,,,
ORD,SFO,17:01,19:56,Boeing 737-800 ,American Airlines 2798,,,,,
ORD,SFO,10:55,13:52,Boeing 737-800 ,American Airlines 2634,,,,,
ORD,PHX,08:00,11:01,Airbus A320 ,United 667,,,,,
ORD,PHX,13:30,16:29,Airbus A320 ,United 373,,,,,
ORD,PHX,10:03,13:03,Boeing 737-900 ,United 725,,,,,
ORD,PHX,07:05,10:09,Airbus A321 ,American Airlines 447,,,,,
ORD,PHX,19:37,22:40,Boeing 737-900 ,United 483,,,,,
ORD,PHX,20:33,23:30,Airbus A321 ,American Airlines 2097,,,,,
ORD,PHX,15:47,18:41,Boeing 737-800 ,American Airlines 630,,,,,
ORD,PHX,17:10,20:04,Airbus A321 ,American Airlines 1969,,,,,
ORD,PHX,08:21,11:19,Airbus A321 ,American Airlines 797,,,,,
ORD,PHX,13:27,16:25,Boeing 737-800 ,American Airlines 601,,,,,
ORD,PHX,09:40,12:41,Airbus A321 ,American Airlines 200,,,,,
ORD,PHX,10:55,13:54,Airbus A321 ,American Airlines 562,,,,,
ORD,SEA,14:00,16:45,Airbus A319 ,Delta 3078,,,,,
ORD,SEA,19:00,21:49,Airbus A319 ,Delta 1544,,,,,
ORD,SEA,19:47,22:35,Boeing 737-900 ,United 262,,,,,
ORD,SEA,09:25,12:12,Boeing 737-800 ,United 1846,,,,,
ORD,SEA,06:08,08:55,Airbus A319 ,Delta 487,,,,,
ORD,SEA,17:40,20:24,Boeing 737-800 ,American Airlines 1485,,,,,
ORD,SEA,11:53,14:38,Boeing 737-800 ,American Airlines 1165,,,,,
ORD,SEA,09:55,12:48,Boeing 737-800 ,American Airlines 1045,,,,,
ORD,SEA,16:00,18:43,Boeing 737-800 ,United 2170,,,,,
ORD,SEA,10:17,13:04,Boeing 737-800 ,United 635,,,,,
ORD,DEN,20:45,22:29,Boeing 737-800 ,American Airlines 1387,,,,,
ORD,DEN,06:45,08:28,Boeing 757-300 ,United 403,,,,,
ORD,DEN,17:57,19:41,Boeing 737-900 ,United 692,,,,,
ORD,DEN,06:00,07:45,Boeing 737-800 ,United 2476,,,,,
ORD,DEN,19:45,21:33,Boeing 757-200 ,United 269,,,,,
ORD,DEN,08:04,10:00,Boeing 757-300 ,United 675,,,,,
ORD,DEN,10:23,12:19,Boeing 757-300 ,United 501,,,,,
ORD,DEN,11:50,13:35,Boeing 737-800 ,American Airlines 317,,,,,
ORD,DEN,13:45,15:30,Airbus A320 ,American Airlines 309,,,,,
ORD,DEN,12:45,14:30,Boeing 757-300 ,United 775,,,,,
ORD,DEN,14:24,16:09,Boeing 757-300 ,United 2220,,,,,
ORD,DEN,16:00,17:45,Boeing 757-300 ,United 407,,,,,
ORD,DEN,09:59,11:49,Airbus A319 ,American Airlines 2470,,,,,
ORD,ATL,13:10,16:07,Boeing (Douglas) MD-88,Delta 812,,,,,
ORD,ATL,05:30,08:29,Airbus A321,Delta 977,,,,,
ORD,ATL,16:55,19:56,Boeing (Douglas) MD-88,Delta 1612,,,,,
DEN,ORD,08:00,11:31,Boeing 757-300 ,United 682,,,,,
DEN,BOS,17:37,23:24,Boeing 737-900 ,United 386,,,,,
DEN,BOS,07:58,13:40,Boeing 737-900 ,United 599,,,,,
DEN,BOS,16:06,21:49,Airbus A320 ,United 320,,,,,
DEN,BOS,11:08,16:50,Boeing 737-900 ,United 979,,,,,
DEN,IAD,17:35,22:48,Boeing 737-900 ,United 2135,,,,,
DEN,IAD,16:00,21:08,Boeing 737-900 ,United 672,,,,,
DEN,IAD,08:05,13:18,Boeing 737-900 ,United 939,,,,,
DEN,IAD,13:25,18:34,Boeing 737-800 ,United 461,,,,,
DEN,IAD,09:35,14:49,Boeing 737-900 ,United 712,,,,,
DEN,IAD,11:05,16:19,Boeing 737-900 ,United 495,,,,,
ATL,JFK,12:05,14:15,Boeing 757-300,Delta 8800,,,,,
ATL,JFK,10:32,12:43,Boeing 737-900,Delta 843,,,,,
ATL,JFK,13:40,15:52,Airbus A319,Delta 1900,,,,,
ATL,JFK,21:43,23:56,Airbus A321,Delta 1888,,,,,
ATL,JFK,15:20,17:39,Airbus A321,Delta 1869,,,,,
ATL,JFK,16:45,19:00,Boeing 777-200LR,Delta 244,,,,,
ATL,JFK,07:25,09:35,Boeing 757-300,Delta 8796,,,,,
ATL,JFK,08:20,10:30,Boeing 737-900,Delta 2350,,,,,
ORD,ATL,19:53,22:55,Boeing 717,Delta 805,,,,,
ORD,ATL,12:04,15:07,Boeing (Douglas) MD-90,Delta 972,,,,,
ORD,ATL,18:05,21:12,Boeing (Douglas) MD-88,Delta 1906,,,,,
ORD,ATL,12:55,16:04,Embraer 175 (Enhanced Winglets) ,United 4049 operated by Expressjet Airlines DBA United Express,,,,,
ORD,ATL,14:16,17:25,Airbus A320 ,United 305,,,,,
ORD,ATL,08:17,11:19,Boeing 717,Delta 475,,,,,
ORD,ATL,09:20,12:23,Boeing (Douglas) MD-88,Delta 2012,,,,,
ORD,ATL,15:00,18:01,Boeing 717,Delta 2890,,,,,
ORD,ATL,07:15,10:15,Airbus A319,American Airlines 1452,,,,,
ORD,ATL,19:00,22:03,Airbus A319,American Airlines 2366,,,,,
ORD,ATL,07:31,10:32,Boeing 717,Delta 1480,,,,,
ORD,ATL,17:55,21:09,Embraer 175 (Enhanced Winglets) ,United 4145 operated by Expressjet Airlines DBA United Express,,,,,
ORD,ATL,06:00,09:05,Airbus A319 ,United 1155,,,,,
ORD,ATL,17:00,19:57,Airbus A319,American Airlines 2385,,,,,
ORD,ATL,09:32,12:43,Embraer 170 ,United 3553 operated by Republic Airlines DBA United Express,,,,,
ORD,ATL,10:28,13:28,Boeing 717,Delta 2183,,,,,
ORD,ATL,15:26,18:36,Embraer 175,American Airlines 4154 operated by Envoy Air As American Eagle,,,,,
ORD,ATL,08:11,11:25,Embraer 175,American Airlines 3521 operated by Envoy Air As American Eagle,,,,,
ORD,BOS,06:00,09:12,Airbus A320 ,United 342,,,,,
ORD,BOS,07:45,10:57,Boeing 737-800 ,United 1572,,,,,
ORD,BOS,17:14,20:26,Boeing 737-800 ,American Airlines 1251,,,,,
ORD,BOS,20:35,23:50,Boeing 737-800 ,American Airlines 2682,,,,,
ORD,BOS,15:10,18:26,Boeing 737-800 ,American Airlines 2321,,,,,
ORD,BOS,07:10,10:27,Boeing 737-800 ,American Airlines 2384,,,,,
ORD,BOS,08:19,11:36,Boeing 737-800 ,American Airlines 2723,,,,,
ORD,BOS,18:30,21:52,Boeing 737-800 ,American Airlines 1172,,,,,
ORD,BOS,18:15,21:40,Boeing 737-800 ,United 790,,,,,
ORD,BOS,09:23,12:35,Airbus A319 ,United 1420,,,,,
ORD,BOS,14:00,17:20,Airbus A320 ,United 578,,,,,
ORD,BOS,11:55,15:22,Embraer 175,Delta 6139 operated by Republic Airways Delta Connection,,,,,
ORD,BOS,19:55,23:23,Embraer 175,Delta 5912 operated by Republic Airways Delta Connection,,,,,
ORD,BOS,14:45,18:12,Embraer 170,Delta 6142 operated by Republic Airways Delta Connection,,,,,
ORD,BOS,08:53,12:24,Embraer 175,Delta 5904 operated by Republic Airways Delta Connection,,,,,
ORD,IAD,21:15,23:59,Boeing 737-900 ,United 2000,,,,,
ORD,IAD,06:15,09:00,Airbus A320 ,United 2198,,,,,
ORD,IAD,13:00,15:47,Airbus A320 ,United 340,,,,,
ORD,IAD,09:00,11:50,Airbus A319 ,United 632,,,,,
ORD,IAD,18:15,21:13,Airbus A320 ,United 843,,,,,
BOS,JFK,12:17,13:39,Airbus A321,American Airlines 351,,,,,
BOS,JFK,06:01,07:26,Boeing 737-800,American Airlines 197,,,,,
BOS,JFK,10:50,12:15,Embraer 175,Delta 6128 operated by Republic Airways Delta Connection,,,,,
BOS,JFK,08:30,09:56,Canadair Regional Jet 900,Delta 5419 operated by Endeavor Air DBA Delta Connection,,,,,
BOS,JFK,09:33,10:59,Airbus A321,American Airlines 1283,,,,,
BOS,JFK,12:40,14:10,Embraer 175,Delta 5992 operated by Republic Airways Delta Connection,,,,,
BOS,JFK,17:10,18:40,Airbus A319,Delta 3022,,,,,
BOS,JFK,19:59,21:29,McDonnell Douglas MD-88,Delta 1360,,,,,
BOS,JFK,06:00,07:32,Airbus A319,Delta 928,,,,,
BOS,JFK,14:05,15:30,Canadair Regional Jet 900,Delta 5360 operated by Endeavor Air DBA Delta Connection,,,,,
BOS,SFO,06:00,09:50,Boeing 757-200 ,United 433,,,,,
BOS,SFO,08:15,12:08,Boeing 757-200 ,United 207,,,,,
BOS,SFO,15:40,19:36,Boeing 757-200 ,United 351,,,,,
BOS,SFO,07:40,11:47,Boeing 757-200,Delta 2488,,,,,
BOS,SFO,10:30,14:24,Boeing 757-200 ,United 477,,,,,
BOS,SFO,17:53,21:50,Boeing 757-200 ,United 2400,,,,,
BOS,PHX,16:11,20:34,Airbus A321 ,American Airlines 403,,,,,
BOS,PHX,12:53,17:14,Airbus A321 ,American Airlines 1057,,,,,
BOS,PHX,06:00,10:28,Airbus A321 ,American Airlines 2260,,,,,
BOS,PHX,09:35,14:00,Boeing 737-800 ,American Airlines 2229,,,,,
BOS,SEA,06:40,10:19,Boeing 757-200 ,Delta 2991,,,,,
BOS,DEN,05:45,08:33,Boeing 737-900 ,United 647,,,,,
BOS,DEN,15:17,18:10,Boeing 737-900 ,United 448,,,,,
SEA,ATL,08:11,15:59,Boeing 757-200 ,Delta 1719,,,,,
SEA,ORD,00:30,06:24,Boeing 737-900 ,United 714,,,,,
SEA,ORD,17:51,23:52,Airbus A319 ,Delta 890,,,,,
SEA,ORD,07:00,13:06,Airbus A319 ,Delta 3078,,,,,
SEA,ORD,15:23,21:23,Boeing 737-800 ,American Airlines 1165,,,,,
SEA,ORD,06:00,12:06,Boeing 737-800 ,American Airlines 1540,,,,,
SEA,ORD,13:33,19:42,Boeing 737-800 ,American Airlines 1045,,,,,
SEA,ORD,11:19,17:22,Airbus A319 ,Delta 879,,,,,
SEA,ORD,14:05,19:59,Boeing 737-800 ,United 670,,,,,
SEA,ORD,10:55,16:59,Boeing 737-800 ,United 278,,,,,
SEA,BOS,10:55,19:15,Boeing 737-800 ,Delta 1163,,,,,
SEA,IAD,08:15,16:08,Boeing 737-900 ,United 419,,,,,
SEA,IAD,07:59,15:56,Airbus A319 ,Delta 2220,,,,,
DEN,JFK,06:06,12:00,Boeing 737-900 ,Delta 2543,,,,,
DEN,JFK,11:05,16:46,Boeing 737-900 ,Delta 1202,,,,,
DEN,SFO,16:15,18:04,Boeing 787-8 ,United 735,,,,,
DEN,SFO,13:40,15:34,Boeing 737-900 ,United 1478,,,,,
DEN,SFO,17:15,19:11,Boeing 737-800 ,United 737,,,,,
DEN,SFO,11:20,13:11,Boeing 757-300 ,United 243,,,,,
DEN,SFO,14:46,16:40,Boeing 737-900 ,United 1723,,,,,
DEN,SFO,09:34,11:25,Boeing 757-300 ,United 268,,,,,
DEN,SFO,19:10,21:04,Boeing 757-300 ,United 257,,,,,
DEN,SFO,07:50,09:41,Boeing 757-300 ,United 2362,,,,,
DEN,PHX,18:00,20:06,Airbus A321,American Airlines 420,,,,,
DEN,PHX,14:57,17:05,Airbus A321,American Airlines 2065,,,,,
DEN,PHX,07:50,10:13,Airbus A321,American Airlines 1404,,,,,
DEN,PHX,12:04,14:05,Airbus A320,American Airlines 482,,,,,
DEN,PHX,15:50,17:51,Airbus A320 ,United 2249,,,,,
DEN,PHX,19:05,21:08,Boeing 737-900 ,United 594,,,,,
DEN,PHX,09:40,11:47,Boeing 737-900 ,United 2273,,,,,
DEN,SEA,06:10,08:32,Boeing 737-800 ,Delta 1468,,,,,
DEN,SEA,19:52,21:59,Airbus A319 ,Delta 2867,,,,,
DEN,SEA,14:25,16:23,Airbus A319 ,Delta 2764,,,,,
DEN,SEA,12:25,14:26,Airbus A319 ,Delta 888,,,,,
DEN,SEA,07:51,10:02,Boeing 737-800 ,United 2309,,,,,
DEN,SEA,15:40,17:47,Airbus A320 ,United 948,,,,,
DEN,SEA,19:11,21:22,Boeing 737-900 ,United 2223,,,,,
DEN,SEA,09:30,11:40,Boeing 737-900 ,United 339,,,,,
DEN,ATL,08:06,13:00,Airbus A319 ,United 304,,,,,
DEN,ATL,14:15,19:06,Boeing 737-900 ,Delta 2590,,,,,
DEN,ATL,07:05,11:59,Boeing 737-800 ,Delta 920,,,,,
DEN,ATL,06:00,10:58,Boeing 737-900 ,Delta 2608,,,,,
DEN,ATL,18:02,23:01,Boeing 737-900 ,Delta 3063,,,,,
DEN,ATL,17:40,22:31,Airbus A320 ,United 677,,,,,
DEN,ATL,13:30,18:29,Embraer 175 (Enhanced Winglets) ,United 3720 operated by Republic Airlines DBA United Express,,,,,
DEN,ATL,10:40,15:26,Boeing 737-900 ,Delta 1816,,,,,
DEN,ATL,12:19,17:06,Boeing 757-300 ,Delta 1547,,,,,
DEN,ATL,10:53,15:47,Airbus A320 ,United 307,,,,,
DEN,ATL,15:36,20:30,Boeing 737-900 ,Delta 1355,,,,,
DEN,ORD,19:00,22:25,Boeing 757-300 ,United 264,,,,,
DEN,ORD,14:20,17:47,Boeing 737-800 ,American Airlines 317,,,,,
DEN,ORD,12:29,15:58,Airbus A319 ,American Airlines 2470,,,,,
DEN,ORD,17:22,20:55,Airbus A320 ,American Airlines 1160,,,,,
DEN,ORD,07:00,10:45,Boeing 737-800 ,American Airlines 2771,,,,,
DEN,ORD,17:30,20:55,Boeing 757-300 ,United 254,,,,,
DEN,ORD,15:54,19:24,Boeing 757-300 ,United 478,,,,,
DEN,ORD,09:44,13:14,Boeing 737-900 ,United 2385,,,,,
DEN,ORD,11:10,14:41,Boeing 757-300 ,United 336,,,,,
DEN,ORD,13:28,16:58,Boeing 757-300 ,United 502,,,,,
ATL,JFK,19:28,21:45,Airbus A320,Delta 214,,,,,
ATL,SFO,07:00,09:30,Boeing 737-800 ,United 1900,,,,,
ATL,SFO,21:22,23:59,Boeing 737-900 ,Delta 2266,,,,,
ATL,SFO,19:12,21:50,Airbus A319 ,United 912,,,,,
ATL,SFO,15:12,17:44,Boeing 737-900 ,Delta 2054,,,,,
ATL,SFO,09:47,12:17,Boeing 737-900 ,Delta 570,,,,,
ATL,SFO,19:59,22:30,Boeing 737-900 ,Delta 2857,,,,,
ATL,SFO,10:49,13:23,Boeing 737-900 ,Delta 856,,,,,
ATL,SFO,17:57,20:30,Boeing 757-300,Delta 1191,,,,,
ATL,SFO,08:10,10:44,Boeing 757-300 ,Delta 2049,,,,,
ATL,PHX,21:42,23:59,Airbus A321 ,Delta 2167,,,,,
ATL,PHX,20:00,22:20,Airbus A321 ,Delta 1057,,,,,
ATL,PHX,11:11,13:35,Airbus A320 ,American Airlines 476,,,,,
ATL,PHX,18:06,20:35,Airbus A320 ,American Airlines 440,,,,,
ATL,PHX,17:59,20:19,Airbus A321 ,Delta 2021,,,,,
ATL,PHX,15:40,17:59,Airbus A321 ,Delta 2046,,,,,
ATL,PHX,13:59,16:21,Airbus A321 ,Delta 2271,,,,,
ATL,PHX,08:00,10:26,Airbus A321 ,Delta 1108,,,,,
ATL,PHX,11:07,13:32,Airbus A321 ,Delta 1041,,,,,
ATL,SEA,17:36,20:15,Boeing 757-200,Delta 1115,,,,,
ATL,SEA,19:10,21:51,Boeing 757-232,Delta 763,,,,,
ATL,SEA,12:05,14:40,Boeing 757-200 ,Delta 1437,,,,,
ATL,SEA,10:20,13:00,Boeing 737-900 ,Delta 2680,,,,,
ATL,SEA,14:03,16:43,Boeing 737-900 ,Delta 342,,,,,
BOS,DEN,09:34,12:22,Boeing 737-800 ,United 416,,,,,
BOS,DEN,11:52,14:40,Boeing 737-800 ,United 652,,,,,
BOS,ATL,18:44,21:45,Airbus A321 ,Delta 2643,,,,,
BOS,ATL,20:15,23:19,Airbus A321 ,Delta 2570,,,,,
BOS,ATL,17:16,20:23,Boeing 757-300 ,Delta 1500,,,,,
BOS,ATL,05:45,08:54,Boeing 737-900 ,Delta 2552,,,,,
BOS,ATL,11:00,13:57,Airbus A321 ,Delta 800,,,,,
BOS,ATL,14:00,16:57,Airbus A321 ,Delta 1077,,,,,
BOS,ATL,12:22,15:21,Airbus A321 ,Delta 2749,,,,,
BOS,ATL,08:00,11:01,Boeing 757-300,Delta 2648,,,,,
BOS,ATL,15:55,18:56,Airbus A321 ,Delta 123,,,,,
BOS,ATL,09:25,12:25,Airbus A321 ,Delta 1880,,,,,
BOS,ATL,07:00,10:05,Airbus A321 ,Delta 1501,,,,,
BOS,ORD,13:20,15:18,Airbus A319 ,United 1564,,,,,
BOS,ORD,16:40,18:38,Airbus A320 ,United 599,,,,,
BOS,ORD,18:25,20:23,Airbus A320 ,United 439,,,,,
BOS,ORD,19:59,21:57,Airbus A320 ,United 789,,,,,
BOS,ORD,07:00,09:00,Boeing 737-900 ,United 449,,,,,
BOS,ORD,10:00,12:00,Airbus A320 ,United 1251,,,,,
BOS,ORD,06:00,08:05,Boeing 737-800 ,American Airlines 2265,,,,,
BOS,ORD,19:14,21:22,Boeing 737-800 ,American Airlines 1109,,,,,
BOS,ORD,13:30,15:33,Airbus A321 ,American Airlines 2264,,,,,
BOS,ORD,12:07,14:12,Boeing 737-800 ,American Airlines 1287,,,,,
BOS,ORD,08:50,10:57,Boeing 737-800 ,American Airlines 1239,,,,,
BOS,ORD,12:10,14:15,Embraer 170,Delta 6142 operated by Republic Airways Delta Connection,,,,,
BOS,ORD,09:15,11:22,Embraer 175,Delta 6139 operated by Republic Airways Delta Connection,,,,,
BOS,ORD,19:59,22:06,Embraer 175,Delta 6133 operated by Republic Airways Delta Connection,,,,,
BOS,ORD,17:10,19:20,Embraer 175,Delta 5912 operated by Republic Airways Delta Connection,,,,,
BOS,ORD,06:10,08:23,Embraer 175,Delta 5904 operated by Republic Airways Delta Connection,,,,,
BOS,ORD,07:00,09:10,Boeing 737-800 ,American Airlines 1509,,,,,
BOS,IAD,05:55,07:35,Boeing 737-900,United 389,,,,,
BOS,IAD,19:34,21:17,Airbus A319,United 2136,,,,,
BOS,IAD,09:45,11:25,Boeing 737-900,United 525,,,,,
BOS,IAD,14:35,16:19,Boeing 737-900,United 511,,,,,
IAD,JFK,10:33,11:44,Canadair Regional Jet 900,Delta 4859 operated by Endeavor Air DBA Delta Connection,,,,,
IAD,JFK,15:42,16:59,Embraer E175,Delta 4867 operated by Endeavor Air DBA Delta Connection,,,,,
IAD,JFK,06:00,07:30,Bombardier CRJ-200,Delta 5115 operated by Endeavor Air DBA Delta Connection,,,,,
IAD,SFO,16:00,19:12,Boeing 737-900 ,United 560,,,,,
IAD,SFO,06:00,09:14,Boeing 737-900 ,United 572,,,,,
IAD,SFO,17:30,20:29,Boeing 777-200 ,United 340,,,,,
IAD,SFO,18:45,22:00,Boeing 757-200 ,United 1893,,,,,
IAD,SFO,12:35,15:47,Boeing 737-800 ,United 2008,,,,,
IAD,SFO,08:15,11:31,Boeing 757-200 ,United 424,,,,,
IAD,PHX,17:50,21:07,Boeing 737-900 ,United 2110,,,,,
IAD,SEA,17:00,20:09,Airbus A319 ,Delta 2220,,,,,
IAD,SEA,17:30,20:30,Boeing 737-900 ,United 326,,,,,
IAD,SEA,08:30,11:35,Boeing 737-900 ,United 1964,,,,,
IAD,DEN,05:25,07:21,Boeing 737-900 ,United 1108,,,,,
IAD,DEN,19:35,21:32,Boeing 737-800 ,United 2305,,,,,
IAD,DEN,16:00,18:02,Boeing 737-900 ,United 542,,,,,
IAD,DEN,17:30,19:40,Boeing 737-900 ,United 980,,,,,
IAD,DEN,08:15,10:15,Boeing 787-8 ,United 1889,,,,,
IAD,DEN,12:50,14:52,Boeing 737-800 ,United 1908,,,,,
IAD,ATL,12:15,14:14,Boeing (Douglas) MD-88,Delta 340,,,,,
IAD,ATL,19:46,21:45,Boeing 717,Delta 1442,,,,,
IAD,ATL,08:25,10:28,Airbus A319 ,United 2368,,,,,
IAD,ATL,17:45,19:52,Boeing 717,Delta 1359,,,,,
IAD,ATL,09:54,11:47,Boeing 717,Delta 2578,,,,,
IAD,ATL,17:05,19:04,Canadian Regional Jet 700 ,United 6012 operated by Mesa Airlines DBA United Express,,,,,
IAD,ATL,06:00,07:57,Boeing 717,Delta 1520,,,,,
IAD,ATL,07:00,09:03,Boeing (Douglas) MD-88,Delta 548,,,,,
IAD,ATL,15:18,17:10,Boeing 717,Delta 1317,,,,,
IAD,ATL,12:45,14:48,Canadian Regional Jet 700 ,United 6201 operated by Mesa Airlines DBA United Express,,,,,
IAD,BOS,22:15,23:49,Boeing 737-900,United 352,,,,,
IAD,BOS,12:45,14:19,Boeing 737-900,United 655,,,,,
IAD,BOS,08:30,10:09,Airbus A320,United 641,,,,,
IAD,BOS,17:11,18:49,Airbus A319,United 822,,,,,
IAD,ORD,22:15,23:22,Airbus A320 ,United 552,,,,,
IAD,ORD,12:45,13:55,Airbus A319 ,United 276,,,,,
IAD,ORD,10:30,11:41,Airbus A320 ,United 721,,,,,
IAD,ORD,17:20,18:35,Airbus A320 ,United 1924,,,,,
IAD,ORD,06:00,07:05,Boeing 737-700 ,United 1846,,,,,
IAD,ORD,08:15,09:31,Boeing 737-900 ,United 374,,,,,
LAX,JFK,14:15,22:31,Boeing 767-300,Delta 2262,,,,,
LAX,JFK,12:40,21:02,Boeing 767-300,Delta 468,,,,,
LAX,JFK,11:25,19:54,Boeing 757-200 ,Delta 2787,,,,,
LAX,JFK,14:00,22:18,Airbus A321,American Airlines 32,,,,,
LAX,JFK,12:00,20:24,Airbus A321,American Airlines 274,,,,,
LAX,JFK,06:05,14:23,Boeing 767-300,Delta 1436,,,,,
LAX,JFK,09:25,17:50,Boeing 767-300,Delta 2164,,,,,
LAX,JFK,11:00,19:25,Airbus A321,American Airlines 4,,,,,
LAX,JFK,07:55,16:12,Boeing 767-300,Delta 1258,,,,,
LAX,JFK,07:00,15:18,Airbus A321 ,American Airlines 118,,,,,
LAX,JFK,10:00,18:23,Airbus A321 ,American Airlines 238,,,,,
LAX,JFK,08:00,16:19,Airbus A321 ,American Airlines 2,,,,,
LAX,JFK,00:30,08:48,Airbus A321 ,American Airlines 292,,,,,
LAX,SFO,08:54,10:36,Boeing 737-800,United 488,,,,,
LAX,SFO,15:18,16:44,Airbus A320,Delta 2757,,,,,
LAX,SFO,12:58,14:27,Airbus A319,Delta 1327,,,,,
LAX,SFO,21:16,22:45,Boeing 737-900,Delta 1332,,,,,
LAX,SFO,07:00,08:35,Boeing 737-800,Delta 2313,,,,,
LAX,ATL,11:05,18:12,Boeing 737-800 ,Delta 3092,,,,,
LAX,ATL,12:01,19:16,Airbus A321 ,Delta 1110,,,,,
LAX,ORD,07:00,13:01,Boeing 757-300 ,United 2265,,,,,
LAX,ORD,06:15,12:25,Airbus A321 ,American Airlines 2452,,,,,
LAX,ORD,07:00,13:10,Airbus A321 ,American Airlines 1598,,,,,
LAX,ORD,12:40,18:43,Boeing 757-300 ,United 269,,,,,
LAX,ORD,08:30,14:37,Boeing 757-300 ,United 2039,,,,,
LAX,ORD,15:19,21:25,Airbus A321 ,American Airlines 426,,,,,
LAX,ORD,11:25,17:35,Boeing 737-800 ,American Airlines 1384,,,,,
LAX,ORD,13:27,19:39,Airbus A321 ,American Airlines 2348,,,,,
LAX,ORD,10:40,16:50,Boeing 737-800 ,United 613,,,,,
LAX,ORD,01:20,07:24,Airbus A321 ,American Airlines 362,,,,,
LAX,ORD,09:26,15:33,Boeing 737-800 ,American Airlines 256,,,,,
LAX,ORD,14:03,20:09,Boeing 737-800 ,United 1897,,,,,
LAX,BOS,08:40,17:05,Boeing 737-900 ,United 824,,,,,
LAX,BOS,06:02,14:25,Airbus A321 ,American Airlines 1423,,,,,
LAX,BOS,15:40,23:59,Airbus A321 ,American Airlines 1628,,,,,
LAX,BOS,10:32,18:54,Airbus A321 ,American Airlines 167,,,,,
LAX,BOS,08:00,16:26,Boeing 757-200 ,Delta 1526,,,,,
LAX,IAD,13:40,21:20,Boeing 737-900 ,United 653,,,,,
LAX,IAD,09:05,16:53,Boeing 737-800 ,American Airlines 1339,,,,,
LAX,IAD,08:22,16:14,Boeing 737-900 ,United 2305,,,,,
SFO,JFK,13:17,21:46,Boeing 757-200 ,Delta 592,,,,,
SFO,JFK,11:41,20:19,Boeing 757-200 ,Delta 757,,,,,
SFO,JFK,06:15,14:42,Boeing 757-200 ,Delta 868,,,,,
SFO,JFK,08:30,16:52,Boeing 757-200 ,Delta 1859,,,,,
SFO,JFK,08:27,16:59,Airbus A321 ,American Airlines 164,,,,,
SFO,PHX,16:10,19:09,Airbus A321,American Airlines 1037,,,,,
SFO,PHX,19:01,22:03,Boeing 737-800 ,United 2405,,,,,
SFO,PHX,20:27,23:29,Airbus A319 ,United 2411,,,,,
SFO,PHX,10:44,13:49,Boeing 737-900 ,United 2388,,,,,
SFO,PHX,12:52,15:57,Boeing 737-800 ,United 2398,,,,,
SFO,PHX,08:47,11:54,Airbus A321,American Airlines 1868,,,,,
SFO,PHX,11:46,14:55,Airbus A321,American Airlines 1880,,,,,
SFO,SEA,12:26,14:38,Airbus A319,Delta 2429,,,,,
SFO,SEA,18:09,20:23,Airbus A319,Delta 2984,,,,,
SFO,SEA,16:52,19:09,Bombardier CS100,Delta 2002,,,,,
SFO,SEA,18:53,21:11,Airbus A320 ,United 2161,,,,,
SFO,SEA,19:46,22:04,Boeing 737-900 ,United 733,,,,,
SFO,SEA,20:04,22:22,Boeing 737-800,Delta 1832,,,,,
SFO,SEA,06:20,08:40,Airbus A319,Delta 2703,,,,,
SFO,SEA,10:37,12:58,Boeing 737-800,Delta 2490,,,,,
SFO,SEA,16:55,19:10,Boeing 737-900 ,American Airlines 6853 operated by Alaska Airlines,,,,,
SFO,SEA,17:10,19:25,Boeing 737-900,American Airlines 6861 operated by Alaska Airlines,,,,,
SFO,SEA,06:00,08:20,Boeing 737-800,American Airlines 6914 operated by Alaska Airlines,,,,,
SFO,SEA,07:00,09:20,Boeing 737-800,American Airlines 6792 operated by Alaska Airlines,,,,,
SFO,SEA,09:05,11:36,Embraer 170,American Airlines 7635 operated by Horizon Air As Alaskahorizon,,,,,
SFO,SEA,06:25,08:43,Airbus A319 ,United 1549,,,,,
SFO,SEA,16:24,18:42,Airbus A320 ,United 447,,,,,
SFO,SEA,12:52,15:14,Boeing 737-800 ,United 759,,,,,
SFO,SEA,08:42,11:12,Embraer 175 (Enhanced Winglets) ,United 5866 operated by Skywest DBA United Express,,,,,
SFO,SEA,11:22,13:55,Airbus A319 ,United 277,,,,,
SFO,DEN,18:00,21:34,Boeing 737-900 ,United 2031,,,,,
SFO,DEN,06:25,10:06,Boeing 757-300 ,United 2115,,,,,
SFO,DEN,16:06,19:40,Boeing 737-900 ,United 2242,,,,,
SFO,DEN,12:55,16:32,Boeing 757-300 ,United 1013,,,,,
SFO,DEN,14:23,18:00,Boeing 757-300 ,United 720,,,,,
SFO,DEN,11:00,14:45,Boeing 757-300 ,United 223,,,,,
SFO,DEN,09:13,12:50,Boeing 737-900 ,United 948,,,,,
SFO,DEN,06:40,10:21,Boeing 737-900 ,United 431,,,,,
SFO,ATL,15:09,22:41,Boeing 737-900 ,Delta 2381,,,,,
SFO,ATL,11:52,19:32,Boeing 757-300 ,Delta 2049,,,,,
SFO,ATL,12:55,20:36,Boeing 737-900 ,Delta 3040,,,,,
SFO,ATL,10:42,18:25,Airbus A319 ,United 575,,,,,
SFO,ATL,07:15,14:45,Boeing 757-300,Delta 1865,,,,,
SFO,ATL,06:00,13:32,Boeing 737-900 ,Delta 1210,,,,,
SFO,ATL,09:10,16:43,Boeing 737-900 ,Delta 505,,,,,
SFO,ORD,17:09,23:18,Boeing 737-900 ,United 705,,,,,
SFO,ORD,07:45,14:04,Boeing 737-800 ,American Airlines 2614,,,,,
SFO,ORD,09:00,15:19,Boeing 737-800 ,American Airlines 2691,,,,,
SFO,ORD,14:38,20:58,Boeing 737-800 ,American Airlines 1462,,,,,
SFO,ORD,11:01,17:26,Boeing 737-800 ,American Airlines 345,,,,,
SFO,ORD,15:35,21:43,Boeing 737-800 ,United 390,,,,,
SFO,ORD,13:55,20:18,Boeing 757-300 ,United 780,,,,,
SFO,ORD,08:30,14:44,Boeing 757-300 ,United 639,,,,,
SFO,ORD,06:50,13:08,Airbus A320 ,United 616,,,,,
SFO,ORD,10:40,17:04,Boeing 757-200 ,United 2440,,,,,
SFO,BOS,13:50,22:23,Boeing 757-200 ,United 242,,,,,
SFO,BOS,12:50,21:24,Boeing 757-200,Delta 2488,,,,,
SFO,BOS,11:05,19:55,Boeing 757-200 ,United 1865,,,,,
SFO,BOS,08:15,16:52,Boeing 757-200,United 768,,,,,
SFO,IAD,13:00,21:04,Boeing 757-200 ,United 727,,,,,
SFO,IAD,07:30,15:16,Boeing 777-200 ,United 291,,,,,
SFO,IAD,12:15,20:19,Airbus A320 ,United 309,,,,,
SFO,IAD,09:30,17:36,Boeing 757-200 ,United 516,,,,,
PHX,JFK,06:10,12:46,Boeing 737-900 ,Delta 819,,,,,
PHX,JFK,16:33,23:12,Boeing 737-800 ,American Airlines 1388,,,,,
PHX,JFK,12:18,19:00,Airbus A321 ,American Airlines 2768,,,,,
PHX,JFK,13:41,20:29,Airbus A321 ,American Airlines 2434,,,,,
PHX,JFK,00:23,07:00,Boeing 737-800 ,American Airlines 2651,,,,,
PHX,JFK,10:50,17:29,Boeing 737-800 ,American Airlines 2339,,,,,
PHX,JFK,12:58,19:42,Boeing 737-900 ,Delta 2688,,,,,
PHX,SFO,08:49,09:54,Boeing 737-900 ,United 1273,,,,,
PHX,SFO,13:58,15:05,Boeing 737-900 ,United 2236,,,,,
PHX,SFO,16:53,18:00,Boeing 737-800 ,United 2128,,,,,
PHX,SFO,18:37,19:44,Airbus A320 ,United 2129,,,,,
PHX,SFO,05:35,06:39,Boeing 737-900 ,United 2064,,,,,
PHX,SFO,08:59,10:12,Airbus A321,American Airlines 1880,,,,,
PHX,SFO,11:29,12:43,Airbus A321,American Airlines 1844,,,,,
PHX,SFO,18:20,19:31,Airbus A321,American Airlines 686,,,,,
PHX,SEA,08:00,10:17,Boeing 737-800 ,Delta 747,,,,,
PHX,SEA,12:20,14:29,Boeing 737-800 ,Delta 1190,,,,,
PHX,SEA,19:49,22:07,Boeing 737-800 ,Delta 1562,,,,,
PHX,SEA,18:33,20:49,Airbus A321 ,American Airlines 578,,,,,
PHX,SEA,12:18,14:33,Airbus A321 ,American Airlines 710,,,,,
PHX,SEA,15:07,17:22,Airbus A321 ,American Airlines 2197,,,,,
PHX,SEA,15:45,17:59,Boeing 737-800 ,Delta 1262,,,,,
PHX,DEN,20:15,22:05,Airbus A321,American Airlines 2315,,,,,
PHX,DEN,13:45,15:38,Airbus A321,American Airlines 1743,,,,,
PHX,DEN,17:40,19:29,Airbus A320 ,United 373,,,,,
PHX,DEN,17:25,19:13,Boeing 737-800,American Airlines 412,,,,,
PHX,DEN,09:26,11:19,Airbus A320,American Airlines 482,,,,,
PHX,DEN,08:05,09:50,Airbus A320 ,United 1774,,,,,
PHX,DEN,13:06,14:55,Boeing 737-800 ,United 254,,,,,
PHX,DEN,14:44,16:33,Boeing 737-900 ,United 376,,,,,
PHX,ATL,17:21,22:49,Airbus A321 ,Delta 2271,,,,,
PHX,ATL,11:47,17:21,Airbus A320 ,American Airlines 462,,,,,
PHX,ATL,06:00,11:27,Airbus A321 ,Delta 2966,,,,,
PHX,ATL,07:05,12:32,Airbus A321 ,Delta 1001,,,,,
PHX,ATL,13:20,18:51,Airbus A321 ,Delta 2365,,,,,
PHX,ATL,14:35,20:06,Airbus A321 ,Delta 1041,,,,,
PHX,ATL,10:15,15:45,Airbus A321 ,Delta 2354,,,,,
PHX,ORD,05:17,09:39,Airbus A319 ,United 656,,,,,
PHX,ORD,07:35,11:57,Boeing 737-900 ,United 920,,,,,
PHX,ORD,12:43,17:10,Boeing 737-900 ,United 523,,,,,
PHX,ORD,15:55,20:22,Boeing 737-800 ,United 2000,,,,,
PHX,ORD,10:17,14:45,Boeing 737-800 ,United 1280,,,,,
PHX,ORD,18:20,22:44,Boeing 737-800 ,American Airlines 1583,,,,,
PHX,ORD,16:45,21:12,Airbus A321 ,American Airlines 891,,,,,
PHX,ORD,11:15,15:44,Airbus A321 ,American Airlines 1597,,,,,
PHX,ORD,13:11,17:40,Airbus A321 ,American Airlines 615,,,,,
LAX,SFO,19:10,20:49,Bombardier CRJ-200,United 5366 operated by Skywest DBA United Express,,,,,
LAX,SFO,21:10,22:45,Airbus A320,United 2201,,,,,
LAX,SFO,12:15,13:51,Boeing 737-800,United 447,,,,,
LAX,SFO,09:30,11:15,Boeing 757-200,United 708,,,,,
LAX,SFO,10:45,12:30,Boeing 737-800,United 2186,,,,,
LAX,SFO,17:50,19:14,Airbus A320,Delta 2803,,,,,
LAX,SFO,19:42,21:14,Boeing 737-900,Delta 2226,,,,,
LAX,SFO,20:00,21:32,Airbus A321,American Airlines 892,,,,,
LAX,SFO,15:20,16:59,Bombardier CRJ-200,United 5286 operated by Skywest DBA United Express,,,,,
LAX,SFO,09:05,10:38,Airbus A319,Delta 1806,,,,,
LAX,SFO,18:17,19:49,Boeing 737-800,American Airlines 1095,,,,,
LAX,SFO,06:40,08:15,Boeing 737-800,American Airlines 2891,,,,,
LAX,SFO,18:30,20:06,Boeing 737-800,United 481,,,,,
LAX,SFO,10:52,12:30,Bombardier CRJ-200,United 5416 operated by Skywest DBA United Express,,,,,
LAX,SFO,12:01,13:40,Bombardier CRJ-200,United 5228 operated by Skywest DBA United Express,,,,,
LAX,SFO,16:48,18:19,Airbus A319,American Airlines 1900,,,,,
LAX,SFO,12:30,14:04,Airbus A319,American Airlines 497,,,,,
LAX,SFO,19:45,21:21,Airbus A320,United 283,,,,,
LAX,SFO,07:25,09:04,Bombardier CRJ-200,United 5664 operated by Skywest DBA United Express,,,,,
LAX,SFO,21:54,23:28,Embraer 175,American Airlines 6085 operated by Compass Airlines As American Eagle,,,,,
LAX,SFO,08:20,09:59,Boeing 737-800,American Airlines 2861,,,,,
LAX,SFO,15:45,17:21,Boeing 737-900,United 460,,,,,
LAX,SFO,14:38,16:13,Embraer 175,American Airlines 6028 operated by Compass Airlines As American Eagle,,,,,
LAX,SFO,10:00,11:37,Embraer 175,American Airlines 6033 operated by Compass Airlines As American Eagle,,,,,
LAX,SFO,06:30,08:06,Airbus A319,United 471,,,,,
LAX,PHX,19:42,22:06,Airbus A321,American Airlines 53,,,,,
LAX,PHX,20:40,23:10,Embraer 175,Delta 5735 operated by Compass DBA Delta Connection,,,,,
LAX,PHX,13:50,16:22,Embraer 175,Delta 5696 operated by Compass DBA Delta Connection,,,,,
LAX,PHX,08:15,10:48,Embraer 175 (Enhanced Winglets),United 5411 operated by Skywest DBA United Express,,,,,
LAX,PHX,16:43,19:18,Embraer 175,Delta 5718 operated by Compass DBA Delta Connection,,,,,
LAX,PHX,11:00,13:36,Embraer 175,Delta 5766 operated by Compass DBA Delta Connection,,,,,
LAX,PHX,16:17,18:29,Airbus A319,American Airlines 896,,,,,
LAX,PHX,19:28,21:41,Airbus A319,American Airlines 1031,,,,,
LAX,PHX,10:05,12:32,Airbus A321,American Airlines 1702,,,,,
LAX,PHX,06:00,08:28,Airbus A321,American Airlines 2027,,,,,
LAX,PHX,07:22,09:55,Airbus A321,American Airlines 1662,,,,,
LAX,PHX,17:35,20:01,Embraer 175 (Enhanced Winglets),United 5512 operated by Skywest DBA United Express,,,,,
LAX,PHX,08:35,11:12,Embraer 175,Delta 5759 operated by Compass DBA Delta Connection,,,,,
LAX,PHX,16:44,19:11,Airbus A321,American Airlines 899,,,,,
LAX,PHX,18:05,20:35,Canadian Regional Jet 700,American Airlines 3258 operated by Skywest Airlines As American Eagle,,,,,
LAX,PHX,12:13,14:25,Airbus A319,American Airlines 749,,,,,
LAX,PHX,09:54,12:07,Airbus A320,American Airlines 452,,,,,
LAX,PHX,06:00,08:14,Airbus A319,American Airlines 1688,,,,,
LAX,SEA,20:55,23:47,Boeing 737-800 ,Delta 2388,,,,,
LAX,SEA,19:52,23:03,Embraer 175 ,American Airlines 6038 operated by Compass Airlines As American Eagle,,,,,
LAX,SEA,06:00,08:46,Boeing 737-900,American Airlines 6944 operated by Alaska Airlines,,,,,
LAX,SEA,15:15,18:10,Boeing 737-900 ,Delta 990,,,,,
LAX,SEA,16:17,19:26,Embraer 175 ,American Airlines 6052 operated by Compass Airlines As American Eagle,,,,,
LAX,SEA,07:00,10:13,Embraer 175 ,American Airlines 6058 operated by Compass Airlines As American Eagle,,,,,
LAX,SEA,09:40,12:25,Boeing 737-900,American Airlines 7036 operated by Alaska Airlines,,,,,
LAX,SEA,19:19,22:10,Boeing 737-900 ,Delta 1836,,,,,
LAX,SEA,17:00,19:52,Boeing 737-800 ,Delta 2731,,,,,
LAX,SEA,07:50,10:45,Boeing 737-800 ,Delta 1287,,,,,
LAX,SEA,09:15,12:12,Boeing 737-800 ,Delta 2540,,,,,
LAX,SEA,06:00,09:00,Boeing 737-800 ,Delta 1587,,,,,
LAX,SEA,14:06,17:05,Canadian Regional Jet 700 ,United 5475 operated by Skywest DBA United Express,,,,,
LAX,SEA,17:30,20:19,Boeing 737-900,American Airlines 6826 operated by Alaska Airlines,,,,,
LAX,SEA,12:38,15:49,Embraer 175 ,American Airlines 6054 operated by Compass Airlines As American Eagle,,,,,
LAX,SEA,09:00,12:11,Embraer 175 (Enhanced Winglets) ,United 5546 operated by Skywest DBA United Express,,,,,
LAX,SEA,11:55,14:50,Boeing 737-900 ,Delta 129,,,,,
LAX,DEN,19:59,23:15,Airbus A320,Delta 1443,,,,,
LAX,DEN,19:37,22:58,Embraer 175 ,American Airlines 6092 operated by Compass Airlines As American Eagle,,,,,
LAX,DEN,15:45,19:07,Airbus A319 ,American Airlines 2418,,,,,
LAX,DEN,14:30,17:45,Airbus A319,Delta 653,,,,,
LAX,DEN,07:59,11:22,Airbus A319,Delta 1228,,,,,
LAX,DEN,18:14,21:35,Boeing 737-900 ,United 1771,,,,,
LAX,DEN,10:20,13:42,Embraer 175 ,American Airlines 6087 operated by Compass Airlines As American Eagle,,,,,
LAX,DEN,06:30,09:53,Boeing 737-800 ,United 2142,,,,,
LAX,DEN,06:45,10:00,Boeing 737-800 ,United 2030,,,,,
LAX,DEN,13:00,16:15,Airbus A320 ,United 1412,,,,,
LAX,DEN,16:08,19:29,Boeing 757-300 ,United 1711,,,,,
LAX,DEN,13:10,16:24,Boeing 777-200 ,United 314,,,,,
LAX,DEN,11:13,14:41,Boeing 737-900 ,United 2049,,,,,
LAX,DEN,09:00,12:28,Boeing 737-800 ,United 2293,,,,,
LAX,DEN,13:13,16:35,Boeing 737-900 ,United 1942,,,,,
LAX,ATL,15:30,22:38,Boeing 757-200 ,Delta 1125,,,,,
LAX,ATL,16:29,23:47,Airbus A321 ,American Airlines 2601,,,,,
LAX,ATL,10:14,17:33,Boeing 737-800 ,American Airlines 890,,,,,
LAX,ATL,08:00,15:20,Boeing 737-800 ,American Airlines 1409,,,,,
LAX,ATL,14:20,21:34,Airbus A321 ,Delta 1449,,,,,
LAX,ATL,08:45,15:58,Boeing 757-300 ,Delta 1954,,,,,
LAX,ATL,07:45,14:46,Boeing 777-200LR,Delta 284,,,,,
LAX,ATL,10:30,17:40,Airbus A321 ,Delta 1530,,,,,
LAX,ATL,06:15,13:26,Boeing 757-200,Delta 1008,,,,,
LAX,ATL,16:53,23:59,Airbus A321 ,Delta 1901,,,,,
PHX,ORD,08:00,12:30,Airbus A321 ,American Airlines 2765,,,,,
PHX,ORD,09:23,13:53,Airbus A321 ,American Airlines 739,,,,,
PHX,ORD,14:50,19:21,Airbus A321 ,American Airlines 883,,,,,
PHX,BOS,17:14,23:57,Airbus A321 ,American Airlines 2763,,,,,
PHX,BOS,14:15,21:00,Airbus A321 ,American Airlines 2320,,,,,
PHX,BOS,09:46,16:39,Boeing 737-800 ,American Airlines 1569,,,,,
PHX,IAD,09:45,15:44,Boeing 737-900 ,United 316,,,,,
SEA,JFK,11:40,20:01,Boeing 757-200 ,Delta 182,,,,,
SEA,JFK,07:45,15:57,Boeing 757-200,Delta 1467,,,,,
SEA,SFO,15:18,17:29,Airbus A319,Delta 2984,,,,,
SEA,SFO,13:47,16:00,Boeing 757-200,Delta 1753,,,,,
SEA,SFO,13:45,15:59,Boeing 737-800 ,United 816,,,,,
SEA,SFO,09:25,11:46,Airbus A319,Delta 2429,,,,,
SEA,SFO,07:23,09:45,Airbus A319 ,United 528,,,,,
SEA,SFO,09:34,11:56,Airbus A319 ,United 698,,,,,
SEA,SFO,12:47,15:15,Embraer 175 (Enhanced Winglets) ,United 5957 operated by Skywest DBA United Express,,,,,
SEA,SFO,06:00,08:23,Embraer 170,American Airlines 7632 operated by Horizon Air As Alaskahorizon,,,,,
SEA,SFO,14:40,16:57,Boeing 737-900,American Airlines 6897 operated by Alaska Airlines,,,,,
SEA,SFO,13:30,15:50,Boeing 737-900,American Airlines 6830 operated by Alaska Airlines,,,,,
SEA,SFO,07:24,09:46,Boeing 737-800,Delta 2490,,,,,
SEA,PHX,15:23,19:08,Airbus A321 ,American Airlines 500,,,,,
SEA,PHX,15:15,19:04,Boeing 737-800 ,Delta 1562,,,,,
SEA,PHX,11:10,15:00,Boeing 737-800 ,Delta 1262,,,,,
SEA,PHX,18:12,22:02,Airbus A321 ,American Airlines 2197,,,,,
SEA,PHX,19:08,23:00,Boeing 737-800 ,Delta 2477,,,,,
SEA,PHX,07:34,11:29,Boeing 737-800 ,Delta 1190,,,,,
SEA,PHX,07:20,11:17,Airbus A321 ,American Airlines 2859,,,,,
SEA,SFO,18:36,20:50,Airbus A320 ,United 214,,,,,
SEA,SFO,21:09,23:23,Boeing 737-800,Delta 2621,,,,,
SEA,SFO,16:15,18:30,Boeing 737-800 ,United 2294,,,,,
SEA,SFO,19:28,21:45,Airbus A320 ,United 2074,,,,,
SEA,SFO,06:00,08:19,Airbus A320 ,United 2440,,,,,
SEA,SFO,17:00,19:19,Boeing 737-800,Delta 1832,,,,,
SEA,DEN,19:25,23:03,Boeing 737-800 ,Delta 2985,,,,,
SEA,DEN,15:34,19:14,Airbus A319 ,Delta 2527,,,,,
SEA,DEN,06:20,10:02,Airbus A320 ,United 590,,,,,
SEA,DEN,07:28,11:10,Boeing 737-900 ,United 1462,,,,,
SEA,DEN,05:45,09:35,Embraer 175 (Enhanced Winglets) ,United 5514 operated by Skywest DBA United Express,,,,,
SEA,DEN,07:47,11:30,Airbus A319 ,Delta 1653,,,,,
SEA,DEN,10:00,13:43,Airbus A319 ,Delta 2764,,,,,
SEA,DEN,15:56,19:37,Airbus A319 ,United 1413,,,,,
